,Brand,Processor_Speed,RAM_Size,Storage_Capacity,Screen_Size,Weight,Price
0,Asus,3.83,16,512,11.19,2.64,17395.09
1,Acer,2.91,4,1000,11.31,3.26,31607.61
2,Lenovo,3.24,4,256,11.85,2.03,9291.02
3,Acer,3.81,16,512,12.28,4.57,17436.73
4,Acer,3.27,32,1000,14.99,4.19,32917.99
5,HP,1.88,16,256,11.94,4.84,9543.72
6,Lenovo,2.94,32,256,11.71,4.34,10390.14
7,Lenovo,3.02,4,256,15.59,2.94,9214.48
8,Lenovo,2.56,4,512,15.03,2.74,16372.18
9,Acer,3.34,32,512,13.61,4.09,18501.83
10,Asus,3.84,4,1000,14.3,3.09,31967.61
11,Lenovo,3.81,32,512,12.87,3.7,18534.11
12,Acer,2.63,8,512,13.9,2.02,17495.98
13,HP,1.78,16,256,14.04,2.19,9731.98
14,Asus,3.96,8,256,13.32,3.61,9831.39
15,HP,3.6,32,256,16.44,3.7,11038.93
16,Asus,1.81,16,256,11.1,4.25,8971.51
17,Acer,3.8,32,256,15.69,2.4,10915.06
18,Dell,3.67,16,256,11.75,3.54,9637.89
19,Asus,2.8,16,256,15.79,2.58,9593.11
20,HP,2.98,16,1000,14.7,2.28,31965.36
21,Acer,2.5,16,1000,16.06,3.23,32025.84
22,Asus,1.64,32,1000,11.59,2.49,32764.27
23,Dell,2.34,16,1000,14.35,2.67,32114.82
24,Dell,3.51,16,256,14.01,2.95,9929.51
25,Lenovo,1.51,8,1000,15.24,2.78,31623.81
26,Lenovo,2.33,4,256,14.21,2.26,9264.93
27,HP,2.5,4,1000,14.24,2.27,31549.8
28,Asus,2.84,8,512,13.58,2.58,16729.55
29,Asus,3.8,8,1000,12.85,2.15,31747.6
30,Lenovo,2.37,32,1000,13.89,3.88,32817.52
31,Asus,2.37,32,256,11.71,2.86,10605.77
32,Asus,3.34,32,1000,16.77,2.84,32810.02
33,Dell,2.63,8,512,15.29,3.0,17059.61
34,Lenovo,2.06,8,256,16.71,3.99,8973.59
35,Acer,2.63,16,256,12.36,4.61,9912.49
36,Lenovo,1.85,32,1000,16.28,4.28,32801.65
37,Acer,1.94,32,256,15.85,4.18,10174.2
38,Dell,2.75,32,256,15.06,3.45,10325.36
39,HP,2.55,4,256,14.75,4.08,9221.14
40,Asus,3.79,16,256,12.9,3.66,10233.79
41,Dell,2.41,32,256,15.9,2.65,10333.32
42,Asus,2.95,32,256,14.01,2.63,10781.54
43,HP,3.08,32,512,11.43,2.89,18167.3
44,HP,1.53,4,1000,12.88,4.73,31381.41
45,Dell,3.16,4,512,16.61,3.64,17124.22
46,HP,1.95,8,256,16.1,4.2,9280.14
47,Acer,3.9,16,256,16.89,3.04,9701.09
48,HP,1.87,8,1000,14.77,3.22,31673.7
49,Asus,2.54,16,512,12.49,2.38,17493.65
50,Asus,1.71,4,1000,11.98,2.51,31339.16
51,Asus,3.99,32,512,12.12,4.48,18495.18
52,Asus,2.76,8,256,11.12,3.75,9140.17
53,Acer,2.99,32,1000,13.34,3.01,33151.04
54,Lenovo,1.67,8,1000,12.15,4.41,31612.05
55,Dell,3.37,4,256,13.47,2.74,9081.9
56,Asus,2.02,4,1000,16.61,4.93,31650.73
57,HP,3.75,4,512,13.58,3.03,17076.68
58,Asus,2.01,8,512,16.27,3.01,16983.64
59,HP,1.98,16,512,14.63,2.94,17283.38
60,HP,1.59,8,512,12.48,2.37,16788.67
61,Asus,2.68,16,256,13.14,2.33,10029.58
62,Acer,2.91,8,1000,11.5,3.94,31879.66
63,HP,1.66,8,512,13.0,4.63,17008.99
64,HP,3.44,4,256,15.07,4.37,9362.27
65,Asus,2.63,32,1000,11.43,2.42,33008.9
66,HP,2.81,32,1000,12.23,3.64,32703.61
67,HP,2.6,16,256,13.29,2.32,9859.68
68,Asus,2.5,32,256,16.89,2.14,10566.17
69,Asus,2.9,8,512,15.71,3.97,16702.35
70,Dell,1.89,8,1000,15.4,3.61,31232.36
71,Acer,1.95,4,1000,11.7,2.25,31169.85
72,Acer,3.65,4,256,15.69,2.1,9486.59
73,HP,3.87,32,1000,15.71,4.97,33005.18
74,Acer,2.43,16,512,14.61,2.09,17299.66
75,HP,2.18,32,1000,16.94,3.33,32993.53
76,Dell,3.11,32,256,12.95,3.51,10514.89
77,Asus,2.52,32,256,16.65,2.35,10859.96
78,Asus,1.56,32,512,16.49,2.51,18310.41
79,Asus,1.89,8,512,11.07,3.06,16833.28
80,Acer,3.29,16,1000,13.7,4.29,32339.84
81,Dell,3.15,8,1000,16.86,3.52,31954.95
82,Acer,1.57,16,256,11.62,3.91,9437.65
83,Acer,2.05,4,512,14.29,4.96,16879.49
84,Dell,2.08,32,512,16.87,4.3,18371.75
85,Dell,3.18,8,512,14.33,3.3,16959.09
86,Dell,1.55,16,1000,12.14,3.34,31849.95
87,Dell,1.76,4,512,14.49,3.86,16691.85
88,Asus,3.5,4,256,12.23,4.0,9454.45
89,Lenovo,1.95,32,256,14.12,3.5,10327.84
90,Lenovo,3.13,16,1000,11.44,3.93,31996.36
91,Dell,2.1,8,1000,14.63,2.07,31624.84
92,Lenovo,1.75,32,512,14.1,3.29,18295.12
93,Lenovo,2.11,8,1000,15.44,2.84,31362.16
94,Dell,3.31,4,256,14.78,2.39,9107.98
95,Lenovo,3.64,8,512,14.3,2.3,17146.71
96,Acer,3.58,8,256,15.14,3.81,9491.27
97,HP,2.49,32,512,11.86,3.57,17807.04
98,HP,3.17,8,1000,14.57,2.76,32097.52
99,Dell,2.01,32,512,12.03,3.41,18042.96
100,Asus,2.23,4,512,16.55,3.48,16746.85
101,Dell,3.74,32,256,11.41,2.59,11055.05
102,Asus,1.53,32,256,13.58,3.96,10462.14
103,HP,1.71,16,512,15.17,4.34,17155.74
104,Dell,2.02,8,1000,13.75,4.37,31568.08
105,Acer,1.57,4,1000,11.55,3.81,31197.9
106,Lenovo,1.95,32,256,14.32,3.53,10711.44
107,Asus,2.96,4,1000,14.85,2.18,31533.2
108,Lenovo,2.55,16,256,15.22,2.86,9478.12
109,Lenovo,3.73,8,1000,13.24,2.28,31512.88
110,Dell,3.54,32,512,14.38,4.89,18702.48
111,Lenovo,2.35,8,256,13.7,2.41,9143.22
112,Acer,2.15,16,256,15.03,2.46,9819.85
113,Lenovo,2.45,16,512,14.5,4.67,17407.54
114,Dell,2.98,4,256,14.15,4.83,9126.59
115,Acer,2.17,32,1000,12.5,4.3,32689.03
116,HP,3.06,4,1000,11.01,2.02,31828.83
117,Lenovo,2.52,16,256,12.04,2.0,9415.94
118,Dell,2.88,8,1000,11.7,3.13,31601.44
119,HP,2.59,4,256,13.69,2.43,9328.96
120,HP,2.24,4,512,14.67,2.06,16523.52
121,Asus,3.87,8,256,12.28,3.39,9829.33
122,Acer,3.41,4,512,16.63,4.83,17204.65
123,Lenovo,1.85,8,1000,11.04,2.97,31515.5
124,Dell,3.67,32,512,15.63,3.98,18366.44
125,Asus,2.72,8,1000,14.75,3.96,31416.86
126,Acer,3.74,32,256,13.24,2.75,10905.98
127,Asus,3.5,8,1000,11.3,3.95,32336.2
128,Acer,2.56,16,256,14.76,2.64,9790.71
129,Acer,1.56,16,256,13.31,2.37,9168.64
130,Lenovo,2.17,32,512,16.62,4.1,18277.15
131,Acer,2.85,32,512,14.25,2.34,18464.51
132,Asus,3.08,16,512,16.64,4.99,17376.02
133,Acer,2.14,32,512,12.32,2.55,17980.8
134,Lenovo,1.85,8,1000,15.35,3.78,31389.47
135,Lenovo,3.59,8,1000,14.7,3.23,31772.92
136,Asus,3.96,16,1000,15.44,2.38,32342.71
137,HP,2.81,4,256,12.29,2.08,8995.59
138,HP,1.93,8,1000,14.99,3.87,31299.79
139,Acer,2.18,32,1000,13.99,4.42,32806.59
140,Dell,1.55,4,1000,15.46,4.53,31236.54
141,Acer,3.79,4,512,12.96,3.45,16954.66
142,Asus,1.79,8,1000,16.34,4.33,31559.0
143,Asus,2.94,8,256,11.51,4.02,9054.15
144,Asus,2.19,4,512,15.84,4.17,16824.8
145,Asus,2.89,4,256,16.17,3.48,9162.53
146,Asus,3.13,16,1000,15.9,3.9,32252.68
147,Lenovo,3.57,32,512,14.08,4.42,18492.16
148,HP,2.02,16,256,13.63,3.19,9850.11
149,Asus,1.53,8,1000,16.98,4.42,31521.46
150,Dell,1.84,16,256,12.38,3.78,9771.53
151,Dell,3.75,16,256,14.28,2.5,9926.27
152,Dell,3.68,16,256,15.02,2.07,9941.85
153,Dell,2.99,16,1000,15.21,3.09,32153.74
154,Lenovo,3.0,32,1000,12.22,3.64,33063.17
155,Dell,3.16,32,256,14.92,4.52,10791.99
156,Asus,1.94,4,512,15.91,2.38,16769.08
157,Acer,3.79,8,512,11.3,4.4,16953.65
158,Dell,2.55,16,1000,16.47,4.59,32215.49
159,Lenovo,2.46,4,1000,11.18,2.45,31218.31
160,Lenovo,2.8,4,1000,13.14,4.55,31293.45
161,Dell,1.62,4,1000,11.09,4.97,30967.94
162,Acer,1.92,32,1000,11.46,4.18,32653.96
163,Dell,3.35,16,512,16.47,4.35,17857.16
164,Lenovo,1.71,16,1000,13.13,4.98,31661.08
165,HP,3.01,8,256,13.55,3.82,9750.1
166,Asus,2.11,16,256,12.29,2.92,9801.24
167,Lenovo,2.47,16,512,14.58,4.51,17108.25
168,Dell,2.22,4,256,14.57,3.84,9000.73
169,Asus,2.39,8,512,13.23,3.74,16757.01
170,Dell,3.3,16,512,13.0,2.76,17684.87
171,Dell,2.24,32,256,16.31,4.27,10314.43
172,HP,2.92,16,1000,13.3,2.25,31802.52
173,Asus,2.69,4,256,13.96,4.77,9084.37
174,Asus,3.16,32,256,12.7,2.98,10869.94
175,HP,3.84,4,512,15.72,2.38,17080.49
176,Lenovo,3.33,16,256,13.38,3.33,9960.4
177,Dell,2.04,32,512,14.08,2.13,18215.28
178,Acer,1.58,8,1000,12.52,4.05,31123.0
179,Dell,2.16,8,1000,16.93,4.71,31442.7
180,Dell,2.99,32,1000,12.75,4.51,32908.69
181,Lenovo,1.63,32,256,15.62,2.38,10282.91
182,Dell,2.74,4,512,13.56,2.38,17196.59
183,HP,2.99,32,1000,12.24,4.44,32653.1
184,HP,2.34,4,512,15.8,4.77,16613.51
185,Asus,3.43,16,512,13.0,3.38,17629.78
186,Acer,1.77,4,1000,16.19,3.5,31216.57
187,Dell,1.69,32,1000,16.49,2.95,32159.49
188,Dell,3.32,32,512,16.16,4.68,18787.38
189,Lenovo,2.74,16,1000,11.21,3.93,31817.74
190,HP,3.22,32,512,15.72,2.86,18502.22
191,Acer,2.59,32,512,13.47,2.9,17967.13
192,Asus,2.12,8,1000,16.24,4.67,31428.7
193,HP,3.55,8,256,14.83,2.04,9241.11
194,Asus,3.5,16,1000,16.0,2.97,32141.82
195,Lenovo,3.24,4,256,14.0,3.66,9141.79
196,Lenovo,2.18,8,512,14.21,2.44,16929.32
197,Dell,2.98,4,512,11.87,2.28,16795.17
198,Acer,2.4,32,256,15.7,4.45,10241.8
199,Asus,1.73,8,512,13.52,4.68,16724.51
200,HP,3.79,16,256,14.0,4.47,10263.36
201,Lenovo,1.84,16,256,15.71,4.7,9881.34
202,Dell,3.88,16,512,14.59,3.66,17781.52
203,Dell,2.62,8,256,12.21,4.44,9435.39
204,Asus,1.96,4,1000,14.54,3.15,31764.04
205,Lenovo,2.85,32,1000,13.45,4.0,33014.13
206,Acer,3.68,4,512,13.82,4.97,17151.99
207,Lenovo,3.33,4,512,11.17,2.68,16609.82
208,Asus,3.52,32,256,12.26,3.17,10474.26
209,Asus,3.15,32,256,12.69,3.44,10622.18
210,Lenovo,3.23,8,256,15.28,2.41,9346.06
211,Asus,3.62,8,256,11.07,2.24,9303.95
212,Lenovo,2.12,8,1000,13.45,4.49,31372.5
213,HP,2.72,8,1000,16.54,4.93,31441.58
214,Lenovo,2.05,8,512,11.67,3.21,16713.61
215,Lenovo,3.97,32,256,14.1,2.26,10901.06
216,Asus,3.86,4,256,15.72,2.2,9803.7
217,Asus,1.6,8,512,16.66,4.67,17025.47
218,Dell,3.26,8,256,15.48,3.39,9635.72
219,Dell,3.81,4,256,15.32,2.96,9094.78
220,HP,1.95,8,256,15.96,3.43,9279.03
221,Dell,2.92,4,256,13.68,2.95,9194.58
222,Lenovo,3.79,4,256,15.84,3.47,9477.92
223,Asus,1.58,32,512,11.05,4.58,17880.0
224,Dell,3.24,16,256,16.55,3.78,10254.3
225,Dell,2.24,32,512,13.66,4.08,18151.59
226,HP,3.81,16,256,14.32,3.09,10027.71
227,HP,3.93,16,1000,12.53,4.22,31901.47
228,Lenovo,3.86,16,1000,15.46,4.0,32319.9
229,Asus,2.69,8,1000,11.46,2.36,31872.57
230,HP,3.66,32,1000,16.24,3.72,33229.67
231,Dell,3.61,16,512,15.97,2.77,17242.83
232,Asus,2.3,4,512,12.3,4.41,16631.42
233,Asus,3.57,8,256,15.86,3.28,9925.18
234,Dell,1.59,32,1000,15.72,4.98,32652.9
235,HP,2.99,16,512,14.79,2.28,17595.71
236,Dell,2.08,4,256,13.24,4.34,9340.22
237,Asus,1.8,32,256,12.63,4.02,10321.73
238,Acer,1.69,32,512,12.39,4.3,18161.47
239,Acer,3.24,8,1000,12.91,2.92,31859.43
240,Lenovo,2.35,32,256,16.42,3.48,10668.63
241,Dell,3.31,8,1000,11.47,4.39,31823.65
242,Dell,1.66,16,1000,15.97,2.7,31815.64
243,Lenovo,2.29,8,1000,13.09,2.68,31503.17
244,Lenovo,2.85,4,256,14.13,3.65,9024.89
245,Lenovo,3.48,8,1000,15.77,3.57,31547.05
246,Asus,2.3,4,256,16.31,2.85,9385.94
247,Dell,3.06,8,1000,13.07,2.89,31747.39
248,Asus,3.71,32,256,13.77,2.83,11008.91
249,Lenovo,3.04,16,1000,13.49,4.31,32447.6
250,Dell,2.08,4,512,11.08,3.96,16669.2
251,Asus,1.56,8,1000,12.78,4.5,31160.04
252,Asus,3.68,8,1000,13.76,4.93,31821.65
253,Lenovo,1.55,8,256,13.47,3.42,8991.51
254,Dell,3.69,32,256,15.33,2.2,10405.95
255,Lenovo,2.82,32,1000,13.31,2.14,32808.86
256,Dell,3.85,4,512,13.94,2.89,17065.08
257,Acer,3.5,4,512,13.58,4.8,16854.3
258,HP,3.99,32,256,15.44,3.57,10697.84
259,HP,2.38,4,512,16.18,2.82,16575.25
260,HP,3.42,16,1000,14.19,3.2,32274.63
261,Lenovo,2.5,16,256,15.74,3.8,10131.59
262,Acer,2.7,32,1000,12.78,3.96,33111.69
263,Dell,3.07,4,256,14.25,2.46,9384.82
264,Asus,3.68,8,256,13.07,4.93,9664.04
265,Dell,3.96,16,256,13.49,3.63,9978.87
266,Asus,3.42,32,256,15.39,2.41,10387.05
267,Dell,2.54,4,512,16.29,4.68,16773.99
268,Acer,2.55,32,1000,11.73,2.22,32629.16
269,Asus,3.34,8,1000,14.81,4.72,31848.66
270,Lenovo,2.1,16,1000,14.49,4.99,32205.99
271,Dell,1.78,32,256,11.71,4.1,10723.12
272,Dell,2.39,32,512,12.27,4.31,18152.55
273,Asus,2.22,32,1000,12.87,3.01,32437.39
274,Lenovo,2.24,8,512,12.0,4.82,16912.47
275,Lenovo,2.08,32,256,12.46,3.59,10428.13
276,Acer,1.61,8,1000,12.61,4.2,31566.96
277,Lenovo,1.54,8,512,13.01,4.77,16777.66
278,Lenovo,3.97,8,256,15.5,4.93,9647.84
279,Lenovo,2.57,16,512,14.43,4.5,17291.11
280,HP,2.46,16,1000,16.92,2.91,32039.04
281,Acer,3.2,32,1000,13.49,4.9,33063.24
282,Dell,2.05,32,256,15.52,3.88,10059.05
283,Asus,3.87,16,256,16.23,4.79,9968.18
284,Dell,3.47,4,256,15.07,4.03,9471.95
285,Acer,1.72,16,512,13.47,2.92,17573.06
286,Asus,2.54,8,512,15.52,3.11,16968.45
287,Acer,3.7,16,512,12.22,3.65,17844.56
288,Lenovo,3.86,8,256,12.97,4.37,9905.98
289,Asus,2.67,32,1000,14.28,2.95,32812.69
290,Lenovo,3.03,4,1000,14.45,3.74,31446.72
291,Dell,1.92,32,512,11.13,3.04,17999.39
292,Dell,3.98,8,512,16.67,4.45,17328.13
293,Asus,2.08,8,1000,15.18,3.4,31803.59
294,Asus,3.86,8,1000,13.97,2.23,31773.8
295,Acer,3.12,4,512,16.6,2.5,17299.43
296,Acer,3.02,16,512,13.63,2.18,17354.58
297,Lenovo,2.78,32,1000,16.88,3.5,32706.13
298,Asus,2.08,32,256,14.07,2.32,10558.37
299,Dell,1.94,16,512,11.69,2.34,17504.67
300,Acer,2.05,32,1000,15.59,4.82,32809.52
301,Acer,1.97,4,1000,15.07,4.62,31435.52
302,Dell,3.45,32,1000,15.64,3.36,33459.85
303,Acer,2.38,8,1000,16.71,4.96,31908.59
304,Lenovo,1.64,16,256,15.66,2.0,9608.28
305,Asus,3.92,4,1000,14.67,3.84,31653.26
306,Dell,3.71,16,512,16.14,3.85,17905.29
307,Asus,3.82,4,256,15.04,3.37,9576.8
308,Acer,3.99,8,1000,13.45,3.19,32018.24
309,Acer,1.93,16,256,16.31,3.37,9594.16
310,Dell,2.49,32,512,12.33,3.24,18157.02
311,Lenovo,3.4,4,1000,15.29,4.19,31613.46
312,HP,3.24,16,512,16.29,2.41,17547.66
313,Dell,1.88,32,1000,15.39,2.59,32638.55
314,HP,3.54,16,1000,15.18,2.54,32339.21
315,HP,2.06,16,1000,15.52,2.79,31865.4
316,Lenovo,2.06,16,1000,13.79,3.58,31987.43
317,HP,2.84,4,1000,16.25,2.33,31150.08
318,HP,2.98,32,256,12.22,4.6,10454.86
319,Lenovo,2.95,8,1000,11.76,2.89,31916.07
320,HP,1.73,4,1000,12.71,2.49,31095.04
321,HP,3.69,4,256,14.19,4.03,9480.67
322,HP,2.16,4,256,14.06,2.11,8909.47
323,Dell,1.82,8,256,15.92,3.86,9379.79
324,Dell,3.72,32,256,13.43,4.09,10692.55
325,Dell,3.89,32,256,13.91,2.64,10742.17
326,Lenovo,3.66,32,256,11.08,2.13,10722.28
327,Acer,3.52,16,1000,13.46,3.09,31974.33
328,HP,3.14,16,1000,14.89,2.3,32396.81
329,HP,2.88,16,512,11.09,2.35,17694.48
330,Lenovo,1.72,8,1000,12.69,2.76,31397.57
331,HP,2.52,16,1000,12.25,2.89,32125.16
332,Dell,2.43,8,256,11.25,3.59,9411.27
333,Acer,2.15,32,256,13.88,4.04,10428.78
334,Asus,3.31,16,1000,12.09,3.78,31944.08
335,HP,2.74,16,512,15.46,2.45,17811.47
336,Dell,1.7,4,256,16.09,2.52,8938.61
337,Asus,2.05,8,1000,14.27,4.64,31427.37
338,Acer,3.21,32,1000,16.89,3.68,33370.44
339,Asus,1.69,4,512,13.7,4.61,16748.04
340,Dell,3.63,4,512,14.08,3.11,17087.55
341,Asus,2.74,32,256,16.94,3.84,10433.7
342,Lenovo,2.7,4,512,12.39,3.57,16972.93
343,Asus,2.98,8,1000,16.66,2.96,32379.04
344,HP,3.56,8,1000,11.26,3.41,31979.49
345,HP,2.37,16,512,13.68,3.51,17471.61
346,Lenovo,3.2,4,512,11.42,2.6,17045.6
347,Dell,2.91,16,512,15.38,2.95,17455.3
348,HP,2.17,4,512,14.65,4.37,16675.25
349,Acer,3.7,8,256,15.24,4.75,9506.55
350,HP,3.49,8,512,13.25,3.08,17077.87
351,HP,3.15,8,256,13.22,2.92,9373.87
352,Dell,3.63,4,1000,11.27,2.59,31553.45
353,Asus,3.67,8,512,13.1,4.04,17166.35
354,HP,3.27,4,256,16.58,2.97,9281.47
355,Lenovo,3.59,16,512,13.28,4.96,17642.98
356,Asus,3.24,4,1000,15.99,2.98,31654.49
357,Acer,3.2,16,1000,16.05,3.18,32262.8
358,Dell,3.05,4,1000,13.24,3.81,31840.45
359,Acer,3.38,16,512,14.79,4.41,17603.49
360,Asus,1.9,8,512,11.57,3.41,17278.84
361,Asus,3.7,16,256,11.62,3.27,9990.74
362,Asus,3.68,8,1000,11.29,4.99,31722.44
363,Acer,1.57,8,512,14.49,2.03,17113.95
364,Asus,3.56,16,1000,13.56,4.69,32221.28
365,Acer,1.82,4,1000,14.29,2.45,30846.99
366,Asus,2.34,4,256,14.13,4.36,9085.71
367,Lenovo,3.36,32,256,13.1,3.85,10625.41
368,Asus,1.9,4,256,15.06,3.03,9352.73
369,Acer,3.54,32,256,15.55,4.62,10574.27
370,HP,3.58,4,1000,11.09,2.04,31550.9
371,Asus,2.77,4,256,12.24,2.68,9405.33
372,HP,1.52,8,256,15.28,3.7,9230.66
373,Lenovo,2.22,32,256,13.32,3.05,10425.08
374,Dell,3.04,4,256,14.97,3.83,9098.35
375,Lenovo,3.95,32,1000,13.08,2.07,33201.85
376,Asus,3.08,8,256,13.34,2.35,9433.44
377,HP,2.15,8,1000,11.95,2.38,31391.56
378,HP,3.09,32,512,12.55,2.57,18159.14
379,Acer,2.85,8,1000,14.63,3.38,31565.97
380,HP,3.45,16,1000,13.6,4.26,32020.83
381,Acer,1.77,16,256,15.65,4.72,9786.05
382,Dell,3.4,8,512,16.12,4.51,17377.64
383,Asus,2.85,16,512,14.25,2.59,17676.86
384,Acer,3.91,4,512,15.55,3.32,17120.15
385,Dell,2.35,32,512,12.84,2.6,18113.26
386,HP,3.08,4,1000,13.49,2.79,31513.3
387,HP,3.83,32,512,15.28,3.51,18700.66
388,Dell,1.76,8,1000,13.32,2.2,31131.53
389,HP,3.84,4,1000,14.53,2.65,31629.79
390,Dell,3.22,8,1000,12.11,4.81,31560.66
391,Acer,1.67,8,512,14.6,3.4,17123.89
392,Acer,2.25,32,256,16.17,3.34,10425.01
393,Dell,3.27,32,256,16.21,2.04,10410.69
394,Acer,1.67,32,512,15.35,2.74,18117.86
395,Acer,2.96,4,256,15.47,4.6,9160.56
396,Acer,2.36,16,256,14.35,2.49,9603.57
397,Lenovo,3.05,32,1000,14.51,3.25,32836.16
398,Asus,1.61,32,1000,11.8,2.04,32498.58
399,HP,3.68,4,512,13.66,3.44,17176.39
400,Lenovo,3.93,32,512,13.7,2.06,18544.96
401,Acer,3.92,4,256,16.75,4.46,9415.28
402,Dell,3.37,8,1000,13.59,4.47,31582.16
403,Acer,1.83,32,512,14.3,4.36,18033.55
404,Asus,3.4,32,512,14.2,2.85,18446.75
405,Acer,1.56,8,512,14.82,4.51,16883.32
406,Dell,1.56,8,512,15.49,3.63,16876.74
407,Asus,2.31,8,512,12.35,3.12,16753.08
408,Acer,2.72,32,512,14.17,3.88,17768.37
409,Asus,3.43,16,256,15.96,2.04,10323.87
410,HP,3.21,16,1000,13.78,2.43,31931.01
411,HP,2.61,16,1000,12.67,4.23,31641.11
412,Acer,2.18,32,512,14.93,2.73,18194.16
413,Asus,3.99,8,1000,15.94,3.79,31637.77
414,Dell,2.57,32,1000,11.38,3.16,32648.15
415,Acer,2.63,8,1000,15.66,4.56,31803.03
416,HP,1.91,32,512,15.93,4.86,18466.37
417,HP,3.49,32,512,13.77,4.65,18463.78
418,Acer,3.23,8,1000,16.9,2.81,31768.89
419,Asus,2.05,16,1000,15.72,2.58,31988.68
420,HP,1.71,8,512,15.64,3.42,16518.08
421,Asus,3.2,4,256,15.49,2.02,9219.62
422,HP,3.14,4,1000,11.9,2.08,31454.6
423,HP,2.18,8,256,12.3,3.66,9256.76
424,Lenovo,3.88,32,1000,13.78,3.56,33503.94
425,HP,1.88,4,256,12.58,4.98,8570.01
426,Dell,2.58,4,256,13.49,2.61,9058.41
427,Acer,3.86,32,256,16.33,2.77,10483.98
428,Acer,2.55,32,512,15.95,2.34,18164.7
429,Asus,3.1,16,256,14.78,4.75,9674.42
430,HP,2.49,32,256,16.15,4.33,10259.57
431,Dell,2.19,8,256,15.7,4.47,9469.11
432,Asus,3.96,8,1000,13.57,4.71,31967.51
433,Lenovo,2.52,16,256,12.21,3.57,9852.22
434,Asus,3.74,4,1000,14.09,3.35,31588.89
435,Asus,2.07,4,256,15.42,2.99,9059.27
436,HP,2.03,32,256,13.62,3.77,10740.17
437,Lenovo,1.58,8,512,15.0,3.36,16841.41
438,Asus,3.13,4,1000,11.57,3.35,31685.2
439,Dell,2.42,16,256,15.49,4.81,9602.42
440,Dell,3.66,16,1000,15.88,4.95,32443.39
441,Acer,2.68,8,1000,15.24,4.39,31587.75
442,Lenovo,3.92,16,512,16.8,4.27,17358.18
443,Lenovo,1.96,16,512,15.96,4.04,17330.03
444,Acer,3.67,8,512,16.42,2.5,17203.64
445,Asus,3.44,32,512,16.6,2.18,18133.6
446,Lenovo,3.43,32,512,15.81,4.07,18459.2
447,Dell,3.61,16,512,15.05,4.19,17462.73
448,Dell,3.4,32,512,11.03,2.14,18958.32
449,HP,3.07,32,512,13.79,4.78,18008.28
450,Lenovo,1.83,16,256,14.43,2.27,9368.84
451,Asus,1.58,32,1000,12.82,2.86,32818.08
452,Acer,3.8,16,512,12.91,4.02,17611.82
453,Acer,3.04,4,512,16.77,2.51,17148.41
454,Asus,3.49,8,1000,16.35,2.17,31979.69
455,HP,2.7,8,256,16.1,2.99,9296.27
456,Acer,1.79,32,1000,13.44,4.3,32408.58
457,Lenovo,1.81,32,1000,11.08,3.24,32866.04
458,HP,3.21,32,512,11.48,3.96,18035.13
459,Lenovo,2.58,8,1000,12.87,3.74,31747.01
460,Dell,2.0,4,1000,11.09,2.07,31485.28
461,HP,2.73,4,512,11.1,4.97,16752.82
462,Acer,1.66,8,512,16.5,2.12,16840.02
463,HP,2.95,4,512,15.24,4.9,16709.95
464,HP,2.17,8,512,12.85,3.65,17007.62
465,HP,3.49,4,1000,11.8,4.89,30976.62
466,HP,2.28,16,1000,14.07,2.34,32156.28
467,Lenovo,2.64,16,256,11.03,3.47,9717.43
468,Dell,1.53,8,256,16.63,2.51,9148.77
469,Asus,1.68,4,1000,13.49,2.15,31332.93
470,HP,2.48,32,256,13.41,3.85,10231.29
471,Acer,2.7,4,1000,13.34,2.62,30998.01
472,HP,3.0,16,256,11.42,3.76,9864.41
473,Acer,2.23,16,512,14.83,2.34,17642.37
474,Lenovo,3.24,4,256,15.4,3.0,8957.61
475,Acer,3.65,4,512,15.06,4.34,16837.25
476,Asus,3.45,32,512,11.83,3.31,18503.89
477,Dell,1.6,32,512,14.47,3.88,18102.22
478,Acer,2.7,4,512,14.42,3.94,17441.79
479,Acer,1.76,4,256,16.21,4.53,9226.49
480,Dell,2.11,4,1000,13.27,2.97,31523.86
481,Asus,3.97,4,512,13.23,4.06,16924.53
482,HP,1.86,8,256,14.71,4.88,9301.58
483,Acer,2.75,4,512,14.8,4.19,17162.59
484,Dell,3.05,32,256,13.82,3.47,10597.82
485,Lenovo,3.26,16,256,13.66,3.89,9842.04
486,Dell,2.9,8,256,13.96,4.22,9425.2
487,Lenovo,1.52,4,1000,16.17,3.84,31156.94
488,Asus,2.32,16,256,13.77,2.05,9751.86
489,HP,2.79,8,256,16.64,2.58,9494.6
490,Dell,1.72,16,1000,14.02,4.43,32176.1
491,Acer,2.38,4,1000,16.7,2.82,31443.16
492,Asus,1.58,4,256,16.0,4.19,9109.54
493,Dell,1.7,32,1000,13.17,3.12,32639.7
494,Acer,2.49,4,512,16.18,3.57,16974.39
495,Dell,1.83,4,512,11.66,2.2,16587.51
496,Lenovo,2.92,8,1000,16.55,2.54,31904.03
497,Dell,3.22,32,1000,14.79,4.87,33137.46
498,Dell,3.5,8,256,11.33,4.67,9246.78
499,Dell,2.0,16,1000,14.87,3.96,32178.29
500,Asus,1.92,4,256,16.85,3.38,9033.57
501,Dell,1.76,16,512,11.42,4.03,17106.43
502,Acer,3.09,8,1000,14.33,3.86,31624.22
503,Lenovo,3.27,4,256,15.49,3.71,9365.56
504,Lenovo,1.58,4,256,15.86,2.18,8990.32
505,Dell,3.84,8,512,13.48,3.9,17332.94
506,Asus,1.63,8,1000,12.22,4.31,31505.46
507,Asus,2.85,8,512,11.25,4.98,17127.62
508,Acer,3.27,8,256,14.48,2.03,10059.02
509,Dell,3.68,8,256,13.72,4.19,9555.87
510,Lenovo,3.29,4,1000,16.69,3.72,31506.82
511,Asus,3.5,8,256,11.36,3.3,9071.15
512,Dell,2.35,4,1000,15.11,2.38,31209.08
513,Asus,3.54,4,512,11.15,3.23,17205.21
514,Asus,1.7,8,1000,12.03,3.06,31593.98
515,Lenovo,3.74,8,1000,13.72,2.91,31622.76
516,HP,2.87,32,256,13.73,4.19,11079.3
517,Acer,3.54,4,256,15.11,4.1,9415.26
518,Acer,2.63,8,1000,16.46,3.77,31809.78
519,Lenovo,3.11,8,256,14.83,4.82,9899.16
520,Asus,2.82,8,256,16.72,3.05,9795.02
521,Dell,3.33,32,256,16.29,2.73,10900.5
522,Asus,1.7,32,1000,14.51,3.97,32857.12
523,Lenovo,1.65,16,256,16.0,2.6,9788.82
524,Acer,2.12,4,1000,14.86,2.95,31343.02
525,Asus,1.9,16,256,11.47,2.67,9619.82
526,Acer,3.68,8,512,15.44,2.21,17397.55
527,Dell,2.05,32,256,11.57,4.48,10350.81
528,Acer,3.94,32,256,14.56,2.76,10638.5
529,Acer,2.34,16,1000,15.22,3.42,31985.35
530,HP,1.96,32,1000,11.4,2.13,32500.16
531,HP,3.47,8,256,12.38,4.1,9494.44
532,HP,3.15,32,512,16.49,2.99,18033.23
533,Acer,2.75,16,256,14.7,4.23,9848.92
534,Lenovo,2.89,8,256,12.48,3.24,9048.61
535,Acer,3.3,16,512,15.14,2.59,17515.92
536,Lenovo,2.07,32,1000,14.58,3.54,32871.27
537,Lenovo,3.99,16,256,14.01,2.39,10192.67
538,HP,3.94,16,1000,16.86,3.32,32525.79
539,Asus,3.13,4,1000,15.1,2.95,31661.6
540,Dell,2.0,32,512,13.25,4.74,17853.61
541,HP,3.2,32,512,15.8,2.18,18590.42
542,HP,1.68,16,1000,16.31,4.08,31702.15
543,Asus,1.58,4,256,11.75,2.55,9123.79
544,Dell,2.14,32,1000,12.2,2.96,32868.88
545,Acer,2.66,8,256,12.3,3.25,9596.57
546,Acer,3.67,16,256,15.15,4.72,9974.81
547,HP,3.32,32,512,14.62,2.73,18224.92
548,Dell,3.36,8,256,14.71,2.27,9264.36
549,HP,2.56,32,256,16.64,2.96,10359.76
550,Lenovo,2.36,8,1000,15.66,2.31,31335.58
551,HP,2.43,16,512,11.77,2.39,17545.41
552,HP,3.97,32,256,13.09,3.72,11011.79
553,Acer,1.6,32,256,13.61,2.18,10461.21
554,Acer,3.67,4,512,13.38,2.09,17033.5
555,Acer,2.95,16,1000,15.02,4.14,32560.41
556,Lenovo,2.6,8,512,16.35,3.08,17055.86
557,Acer,3.31,32,512,12.84,2.38,18399.78
558,Dell,2.72,32,256,14.31,2.76,10572.38
559,Asus,3.68,8,256,15.74,3.93,9524.52
560,Dell,3.75,16,1000,13.5,2.83,32418.23
561,Dell,2.55,4,256,12.01,3.48,8969.5
562,Acer,2.19,4,256,13.85,2.37,8931.64
563,Asus,2.98,32,512,11.33,3.76,18381.45
564,Asus,3.78,8,256,16.65,2.95,9540.26
565,Asus,2.03,32,1000,11.45,3.88,32722.2
566,Lenovo,3.06,8,512,13.63,4.43,17031.58
567,Acer,3.08,4,1000,14.18,3.83,31558.71
568,Asus,3.33,16,512,16.91,2.89,17501.26
569,Lenovo,1.83,8,256,12.0,2.77,9029.92
570,HP,3.29,4,512,11.69,2.98,16757.88
571,HP,3.77,32,512,11.05,2.49,18579.29
572,Lenovo,1.95,8,256,11.93,2.54,9217.45
573,Lenovo,2.09,16,256,12.24,4.37,9783.63
574,Acer,3.93,32,1000,14.78,3.15,33354.9
575,Acer,1.95,32,1000,12.32,3.31,32611.79
576,HP,3.64,4,256,11.12,3.78,9468.15
577,Asus,2.73,8,256,15.96,3.77,9404.82
578,HP,2.12,32,256,13.19,2.2,10413.73
579,Asus,3.68,16,512,13.12,4.49,17863.35
580,Asus,2.61,8,512,12.81,2.53,17124.38
581,Acer,2.79,16,512,16.85,4.17,17442.28
582,Dell,2.4,32,256,12.02,4.32,10554.61
583,Dell,2.98,16,1000,16.39,4.14,31929.67
584,Lenovo,1.91,4,256,15.66,3.74,9087.07
585,Acer,2.48,16,512,11.46,2.04,17064.36
586,Asus,3.92,8,512,16.92,3.08,17155.42
587,Dell,2.15,16,256,12.63,3.81,9740.41
588,Asus,3.14,16,256,11.59,3.16,9274.53
589,Dell,2.31,4,512,15.98,4.59,17156.71
590,Dell,3.43,16,512,15.24,2.93,17789.17
591,Dell,1.83,16,512,14.7,2.88,16922.99
592,Acer,3.92,32,256,11.94,2.8,11255.35
593,HP,2.63,32,512,13.87,3.0,18769.15
594,Asus,2.09,8,512,15.68,3.67,16918.87
595,Acer,1.68,32,1000,12.82,4.12,32466.67
596,Acer,1.92,32,256,12.87,3.99,10719.67
597,Acer,2.8,32,1000,11.02,4.42,32767.27
598,Acer,2.34,32,1000,12.05,4.66,32795.04
599,Acer,3.57,4,512,16.25,4.45,17298.47
600,Lenovo,2.58,32,256,13.65,2.06,10517.18
601,Asus,2.12,4,512,16.91,4.21,16732.18
602,Acer,3.04,4,256,13.37,2.63,8975.33
603,Asus,3.27,32,1000,15.29,2.4,32909.11
604,Lenovo,1.92,16,256,12.69,3.92,9526.04
605,Lenovo,1.92,4,512,13.18,2.96,16430.16
606,Asus,1.59,16,512,12.14,2.17,16969.92
607,Dell,3.34,16,512,13.08,2.41,17572.44
608,HP,3.16,32,256,14.28,2.0,10307.6
609,Dell,2.69,8,1000,16.95,4.71,31553.4
610,Dell,3.61,32,1000,14.99,2.07,33489.97
611,Dell,3.51,8,256,12.2,2.63,9431.37
612,Acer,2.96,8,512,11.27,3.25,16951.44
613,Lenovo,3.67,32,1000,11.76,3.07,32968.61
614,Dell,2.01,32,512,14.38,4.74,18036.24
615,Lenovo,1.78,8,256,15.59,2.12,9341.54
616,Asus,2.17,32,512,16.64,3.54,18293.33
617,HP,1.64,8,1000,11.09,4.04,31331.88
618,Asus,2.83,16,1000,14.14,4.8,32057.6
619,Asus,3.84,32,512,13.83,3.86,18728.75
620,Acer,1.6,16,256,14.94,4.41,9252.22
621,HP,1.81,4,512,14.36,2.25,16674.18
622,Asus,2.63,16,256,15.12,3.16,9804.02
623,Asus,3.83,16,512,14.95,3.12,17539.35
624,HP,2.29,8,1000,11.7,4.66,31522.5
625,HP,2.77,16,256,15.8,2.45,9642.71
626,Asus,1.6,32,256,11.74,2.46,10438.45
627,HP,1.87,8,256,15.19,2.99,8960.5
628,Asus,3.97,4,1000,13.5,2.16,31954.09
629,Asus,3.91,32,512,14.08,2.55,18484.09
630,Acer,1.51,4,1000,16.42,4.9,31192.3
631,Dell,3.88,16,256,16.34,3.28,9848.91
632,Asus,3.1,32,512,15.91,3.9,18564.87
633,Lenovo,3.67,32,1000,14.06,4.18,32943.02
634,Dell,2.64,4,256,15.42,3.1,8951.26
635,Dell,2.79,32,256,14.08,2.44,10805.22
636,Dell,2.72,32,1000,16.22,2.62,32761.72
637,Acer,3.17,32,1000,13.42,2.94,32953.47
638,Asus,1.85,16,1000,16.82,3.91,32130.93
639,Acer,1.57,4,256,16.59,3.19,9026.51
640,Asus,2.27,32,1000,15.45,2.02,33188.92
641,Acer,3.26,8,256,12.68,3.57,9283.18
642,Acer,2.0,8,1000,11.79,4.76,31446.98
643,Lenovo,3.18,8,256,16.13,4.44,9468.28
644,Acer,3.92,8,256,11.99,4.48,9684.28
645,HP,1.73,16,512,16.13,4.39,17543.33
646,Lenovo,3.18,32,1000,13.94,2.97,33000.2
647,Acer,2.61,4,1000,13.44,4.3,31420.17
648,Dell,3.67,32,256,16.42,2.43,10521.56
649,HP,1.94,16,256,14.62,3.97,9643.78
650,HP,3.23,8,256,14.46,3.92,9346.2
651,HP,3.6,16,512,14.35,2.08,17769.03
652,Lenovo,3.86,32,512,13.23,4.36,18371.27
653,Acer,3.21,4,256,15.71,4.71,9240.68
654,Acer,2.74,16,1000,12.52,2.8,31778.85
655,Dell,3.04,4,1000,16.63,4.44,31234.93
656,Dell,3.67,16,512,16.36,2.25,18071.46
657,HP,2.93,4,512,13.02,3.8,16893.74
658,Dell,1.58,4,256,15.38,3.46,9049.03
659,Lenovo,3.83,8,1000,14.44,3.64,31735.42
660,Acer,3.22,4,256,13.03,4.78,9412.6
661,HP,3.19,8,512,16.93,4.61,17329.77
662,Dell,2.04,32,1000,11.15,4.36,32526.83
663,Lenovo,3.15,32,1000,12.52,2.82,32739.65
664,Lenovo,2.48,8,512,14.12,4.74,16845.48
665,Dell,3.13,8,256,14.13,2.29,9459.67
666,Acer,1.77,16,256,14.53,4.56,9611.79
667,Dell,3.14,16,1000,15.51,2.98,32216.96
668,HP,4.0,16,512,14.74,2.16,17992.66
669,Dell,1.62,32,1000,14.6,4.01,32533.07
670,Lenovo,3.94,16,512,11.32,2.69,17430.74
671,Dell,2.52,4,256,13.26,2.73,9121.35
672,Acer,3.68,4,512,12.39,2.92,16675.43
673,Asus,3.46,16,256,12.59,2.19,10040.27
674,Dell,2.92,4,512,14.33,2.53,16924.31
675,Acer,3.35,32,1000,12.2,2.02,32925.4
676,Acer,3.7,4,256,12.76,3.34,9262.46
677,Lenovo,2.51,32,1000,12.42,2.25,33009.99
678,Acer,2.32,8,1000,16.69,4.05,31832.49
679,Acer,3.17,8,256,16.67,2.71,9470.81
680,Acer,3.52,8,256,14.66,4.83,9647.16
681,Acer,3.41,8,1000,16.55,4.61,32038.62
682,HP,3.49,4,1000,15.71,2.87,31751.63
683,HP,2.59,16,1000,14.54,4.35,32024.0
684,Lenovo,3.54,4,1000,11.04,4.41,31661.83
685,Dell,1.8,32,256,15.64,4.96,10195.39
686,Acer,2.86,4,256,15.21,3.79,9232.83
687,Dell,1.51,4,1000,14.69,2.25,31227.63
688,Dell,2.31,32,512,15.56,3.94,18116.17
689,Lenovo,2.42,8,512,14.08,3.87,16640.73
690,Acer,2.49,8,256,15.22,3.92,9137.91
691,Acer,3.24,8,1000,16.61,2.92,31753.56
692,Asus,2.47,16,1000,13.25,4.58,32192.59
693,Dell,2.62,32,256,15.25,4.88,10617.7
694,Dell,2.09,32,512,13.85,2.65,18317.26
695,HP,2.43,4,512,15.05,2.26,17073.49
696,Asus,2.07,16,512,15.58,2.58,17425.21
697,HP,1.68,8,256,11.27,4.46,9125.49
698,HP,3.01,16,512,14.88,4.03,17324.42
699,HP,3.17,32,256,12.36,3.91,11019.57
700,Lenovo,3.05,32,256,15.02,3.21,10374.53
701,Lenovo,2.66,4,1000,13.81,3.73,31494.36
702,HP,2.45,4,512,15.64,2.92,17000.04
703,Asus,3.66,32,256,11.74,3.43,10881.51
704,Dell,2.8,8,512,14.76,4.38,16839.89
705,Asus,2.7,8,512,12.67,4.94,16919.59
706,Acer,1.56,16,1000,16.12,4.8,31727.41
707,Lenovo,2.35,32,512,16.57,4.8,17817.93
708,Dell,2.45,32,1000,16.98,3.21,32923.66
709,Dell,2.5,8,256,15.78,3.41,9217.35
710,Acer,2.95,8,512,15.52,4.12,17420.46
711,Acer,2.83,32,256,12.29,4.77,10668.03
712,HP,3.02,4,512,13.02,2.43,16908.29
713,Lenovo,3.41,32,256,13.79,2.91,10614.66
714,Lenovo,3.53,32,512,15.64,2.42,18478.14
715,Asus,3.3,8,512,16.49,3.84,17159.32
716,HP,3.89,8,512,12.13,2.92,17265.18
717,HP,1.55,4,512,16.53,2.98,17050.34
718,HP,1.99,4,512,15.17,2.21,16526.29
719,HP,1.52,16,512,14.66,3.05,17192.85
720,Lenovo,3.12,32,512,12.2,4.59,18423.12
721,Lenovo,3.75,8,512,11.33,2.7,17128.66
722,HP,2.11,4,512,14.41,4.09,17045.21
723,Asus,3.82,16,256,14.91,3.89,10138.5
724,Dell,1.65,16,1000,12.26,4.59,31685.74
725,Dell,3.84,8,512,14.34,2.4,17330.84
726,Asus,2.38,8,1000,16.14,4.93,31508.34
727,HP,1.75,16,512,16.01,3.75,17134.11
728,Lenovo,2.71,4,512,16.56,4.99,16856.31
729,Dell,2.14,16,256,13.2,4.73,9877.7
730,Acer,2.21,32,256,12.91,2.66,10603.05
731,Acer,2.27,32,1000,15.5,2.17,32837.38
732,Asus,3.51,8,256,13.59,2.77,9681.81
733,HP,2.85,4,256,11.53,3.58,9197.98
734,Dell,2.28,4,1000,12.7,2.51,31150.46
735,HP,3.03,32,256,13.51,2.5,10601.35
736,Dell,3.29,16,512,12.76,3.39,17524.67
737,Asus,2.18,8,1000,12.99,2.1,31727.52
738,Asus,2.53,16,1000,12.76,2.37,31925.08
739,Acer,1.8,16,512,11.25,3.25,17030.91
740,HP,1.95,16,256,14.82,2.19,9636.02
741,Acer,3.2,4,1000,14.58,3.19,31471.25
742,HP,1.95,32,1000,14.92,3.42,32690.2
743,Acer,2.81,4,512,12.15,3.35,16815.94
744,Lenovo,3.27,32,512,12.77,4.61,18247.32
745,Lenovo,1.77,8,256,14.72,3.59,9384.53
746,Lenovo,2.92,8,1000,14.6,3.4,32024.43
747,Lenovo,2.14,16,256,14.04,3.23,9829.3
748,Dell,3.91,32,256,13.1,4.45,10424.74
749,Lenovo,2.71,32,512,16.48,4.69,18156.08
750,Asus,3.51,32,1000,13.04,4.56,32982.44
751,Asus,2.88,16,1000,13.73,4.02,31740.33
752,Dell,1.61,16,1000,15.07,2.41,31723.78
753,Lenovo,3.08,8,512,14.26,2.83,17095.15
754,Lenovo,3.88,4,512,13.08,2.14,16986.15
755,Lenovo,3.0,32,512,13.61,4.79,18286.89
756,Acer,3.55,32,512,15.77,3.98,18168.94
757,HP,3.71,4,512,12.67,4.24,16921.03
758,Acer,2.07,32,1000,11.85,2.93,32752.15
759,HP,2.03,16,256,12.88,4.54,9600.27
760,Lenovo,3.03,16,1000,16.1,2.78,32289.03
761,Lenovo,2.53,32,256,11.53,2.0,10573.86
762,Acer,3.6,16,512,16.95,3.13,17606.22
763,Acer,3.75,16,256,14.25,3.71,10001.83
764,HP,2.38,32,1000,16.91,3.44,32720.53
765,Asus,2.09,8,1000,16.63,4.59,31551.21
766,HP,3.45,4,256,13.72,2.32,9110.31
767,Acer,2.19,16,512,12.19,3.66,17517.69
768,Acer,3.56,8,512,11.99,3.54,17121.01
769,Dell,2.56,16,1000,12.44,2.84,32245.01
770,Acer,3.17,16,256,15.26,4.47,9936.62
771,Dell,1.74,4,512,12.64,4.26,16440.8
772,Asus,3.06,16,512,13.05,4.2,17541.14
773,HP,2.63,4,1000,13.69,4.63,31615.4
774,HP,2.97,4,512,16.48,4.17,16925.69
775,Dell,1.92,4,256,12.14,2.7,8994.58
776,HP,3.34,8,1000,11.03,4.12,31637.58
777,Acer,3.66,32,1000,11.36,2.92,33034.2
778,Lenovo,2.04,8,256,16.43,2.73,9337.26
779,Dell,1.74,32,1000,14.89,2.22,32607.61
780,HP,1.56,32,512,12.64,4.23,17766.4
781,Dell,3.1,4,512,12.06,4.13,17138.51
782,Dell,3.02,16,256,12.77,2.7,9932.65
783,Lenovo,2.87,4,512,11.69,4.25,16715.11
784,Acer,2.08,16,256,16.65,4.75,9725.35
785,Dell,2.48,32,256,15.71,2.32,10270.6
786,HP,2.99,4,512,13.77,2.7,16510.33
787,Asus,2.74,16,256,16.19,4.25,10026.5
788,Dell,3.97,8,512,12.5,2.82,17321.5
789,Dell,1.84,16,1000,15.3,3.87,31925.99
790,Lenovo,3.24,4,1000,16.14,2.24,31694.4
791,Acer,2.51,8,256,13.14,3.36,9956.63
792,Asus,2.57,16,512,15.54,4.22,17616.64
793,HP,3.29,16,512,12.77,4.06,17324.52
794,Asus,3.23,16,1000,12.79,4.45,31821.55
795,HP,3.98,16,1000,11.64,4.63,32493.06
796,Acer,1.82,16,512,13.64,4.32,17425.03
797,HP,1.76,8,256,15.38,4.01,9314.48
798,Lenovo,3.31,32,1000,16.64,2.1,32911.47
799,Lenovo,2.95,8,256,14.62,3.6,9498.26
800,Lenovo,2.19,8,256,16.18,2.11,9174.86
801,Lenovo,1.7,8,1000,15.93,4.42,31646.72
802,Asus,1.71,32,256,12.04,2.96,10530.54
803,Acer,3.74,4,256,13.91,3.69,9259.83
804,HP,1.98,32,512,11.7,2.84,18287.94
805,HP,2.31,8,256,15.09,4.35,9323.04
806,Lenovo,2.07,16,512,16.7,4.66,17459.1
807,Lenovo,2.39,16,1000,11.82,3.2,31720.06
808,Dell,1.67,8,1000,15.4,4.59,31543.33
809,Acer,2.8,16,512,14.79,2.8,17352.27
810,Asus,1.67,8,1000,14.5,3.6,31582.73
811,HP,3.5,16,256,13.34,4.58,10194.66
812,Dell,2.08,32,256,13.13,2.98,10487.6
813,Dell,2.85,4,256,11.27,4.86,8946.64
814,HP,3.7,4,1000,12.31,2.37,31787.83
815,Asus,3.13,32,256,11.09,2.05,10687.07
816,Dell,2.83,32,1000,14.49,4.71,33320.85
817,Dell,2.31,8,256,11.64,2.21,9303.6
818,Acer,2.33,8,512,16.24,4.98,16884.41
819,Asus,3.17,8,1000,14.14,4.85,31923.11
820,Dell,3.99,16,1000,15.2,2.41,32351.39
821,Asus,3.15,8,256,13.47,3.61,9460.15
822,HP,2.89,32,1000,14.36,2.55,32754.92
823,Lenovo,3.33,4,1000,16.66,3.28,31641.11
824,Dell,2.66,16,512,11.5,2.18,17406.85
825,Acer,1.65,8,512,12.52,2.67,16788.16
826,HP,2.91,16,256,15.68,3.09,9725.67
827,Asus,3.89,16,512,11.59,3.32,17695.15
828,HP,1.94,8,256,11.45,4.93,8962.71
829,Dell,3.23,16,256,13.17,4.42,9612.35
830,Asus,2.0,4,256,11.55,4.21,9111.31
831,Lenovo,2.84,32,1000,14.51,3.61,33045.56
832,HP,1.74,32,512,12.36,4.52,17748.77
833,Dell,2.63,4,256,16.37,3.02,8836.58
834,Acer,3.39,16,512,15.7,4.13,17409.09
835,Asus,2.37,8,256,15.2,4.98,9282.28
836,HP,3.16,16,512,14.7,2.94,17787.92
837,HP,3.49,4,512,16.18,4.02,17010.57
838,Lenovo,3.82,16,256,12.34,4.53,9791.15
839,Lenovo,2.09,32,1000,16.24,4.75,32824.34
840,Acer,2.5,16,512,15.74,4.15,17410.06
841,Acer,1.88,4,1000,15.49,2.85,31081.28
842,Dell,3.98,32,1000,14.37,2.98,32878.79
843,Dell,3.82,16,256,12.48,2.06,9702.79
844,Acer,2.85,16,256,13.54,4.28,10273.95
845,Acer,3.61,32,256,15.76,2.13,10966.96
846,Asus,2.8,8,512,11.19,4.59,16879.61
847,Lenovo,3.06,32,256,15.69,2.36,10903.73
848,Dell,1.72,8,256,12.44,2.52,9034.6
849,Lenovo,3.39,4,512,11.87,3.43,17155.69
850,Lenovo,1.82,4,512,11.69,4.21,16631.67
851,Acer,3.57,32,256,11.16,2.42,10560.36
852,Asus,3.46,32,256,14.14,3.32,10856.61
853,HP,3.27,4,256,12.31,3.45,9273.58
854,Asus,1.59,8,256,16.94,2.64,9290.1
855,Asus,2.26,4,1000,14.45,2.35,31460.13
856,Lenovo,2.16,32,1000,11.83,4.51,32764.01
857,Asus,2.4,4,256,15.13,3.51,9287.76
858,Dell,1.72,32,1000,16.39,2.04,33267.88
859,Lenovo,3.84,32,512,15.47,4.41,18743.57
860,Dell,2.88,4,1000,11.46,4.94,31500.58
861,HP,2.26,8,1000,16.38,3.82,31579.97
862,Lenovo,2.49,16,256,15.76,3.51,9718.5
863,HP,2.62,4,1000,11.95,4.64,31165.02
864,Lenovo,3.0,16,1000,11.31,4.86,32210.84
865,Acer,2.79,4,1000,14.34,4.26,31299.1
866,Asus,3.8,16,1000,11.94,3.34,32190.57
867,Acer,2.74,8,512,16.01,3.78,17224.94
868,HP,3.98,8,256,13.15,4.1,9550.59
869,Asus,3.63,4,256,16.48,2.58,9310.97
870,Lenovo,2.02,32,512,14.39,3.34,17879.23
871,Asus,3.83,16,1000,12.1,4.49,32503.39
872,Dell,1.79,32,512,11.84,3.96,17848.65
873,Asus,3.54,32,1000,14.46,3.23,32948.39
874,Dell,2.45,32,512,15.57,3.99,17863.49
875,Asus,3.69,8,256,15.69,2.35,9605.25
876,Dell,3.67,4,256,12.65,3.2,9268.42
877,HP,3.51,4,256,12.23,4.38,9320.05
878,Acer,3.48,8,1000,11.1,2.66,31555.48
879,Lenovo,2.26,8,1000,15.08,2.56,31775.1
880,Asus,1.7,4,512,11.46,4.85,16213.28
881,Acer,2.51,32,512,13.52,2.63,18187.25
882,Lenovo,1.93,16,256,14.61,2.78,9654.23
883,Lenovo,3.24,16,1000,16.62,4.91,32242.39
884,Dell,2.37,16,512,12.87,4.2,17379.98
885,HP,3.94,32,1000,12.5,4.1,33254.52
886,HP,3.1,4,1000,14.92,4.56,31838.34
887,Acer,3.56,8,256,14.72,2.35,9530.95
888,HP,1.83,4,256,12.99,4.12,8771.37
889,Asus,3.66,32,1000,16.57,3.51,33239.41
890,HP,3.81,8,1000,16.07,4.49,31881.84
891,Acer,2.72,32,1000,12.34,3.52,33108.09
892,HP,3.02,16,1000,12.43,3.86,31992.82
893,Asus,3.41,16,256,14.07,3.43,9737.95
894,Dell,1.94,32,512,15.64,3.43,18154.66
895,Acer,2.76,8,256,11.26,4.3,8965.45
896,Dell,2.5,8,512,15.16,3.89,16930.19
897,Dell,1.87,4,1000,14.89,3.9,31266.01
898,Dell,2.42,16,512,12.39,3.35,17402.13
899,Lenovo,1.67,4,256,15.09,3.59,8780.66
900,Lenovo,1.56,4,256,16.64,4.24,8807.46
901,Dell,1.84,32,1000,11.28,4.48,32879.8
902,Acer,3.91,32,256,12.92,4.09,10776.33
903,Asus,2.87,4,1000,13.63,4.77,31672.55
904,Asus,3.91,16,256,16.4,4.46,9937.86
905,HP,2.58,32,256,16.77,3.69,10583.97
906,Acer,2.28,4,1000,13.66,4.01,31431.97
907,Lenovo,2.77,4,512,15.5,4.78,17224.8
908,Dell,2.6,4,256,14.19,3.86,9101.46
909,HP,1.76,4,512,14.23,4.47,16619.37
910,Asus,3.1,4,256,12.67,4.07,9432.75
911,Lenovo,2.04,4,256,12.3,3.66,8921.53
912,Lenovo,3.05,32,256,12.73,2.73,10674.03
913,Dell,3.13,16,256,14.34,3.28,10061.27
914,Asus,1.88,4,512,11.17,4.9,16495.31
915,Acer,1.65,8,512,16.44,3.97,16947.9
916,Lenovo,3.45,32,256,11.94,3.69,11021.31
917,Dell,2.65,32,256,12.32,4.8,10692.59
918,Acer,1.65,4,512,14.11,3.76,16690.67
919,Asus,3.99,32,1000,15.26,3.58,33122.0
920,Lenovo,1.64,4,1000,11.57,4.28,31096.73
921,Acer,3.24,16,512,12.91,4.14,17326.62
922,Acer,3.96,16,256,16.81,2.58,10384.21
923,Acer,2.1,32,256,12.57,3.41,10680.03
924,Lenovo,1.86,32,1000,12.88,3.42,32563.09
925,Lenovo,1.8,8,1000,16.02,3.13,31617.26
926,HP,2.26,32,512,11.3,3.55,18124.41
927,Asus,1.75,8,1000,13.79,3.24,31730.77
928,Dell,3.23,16,512,13.28,2.6,17622.21
929,Acer,1.66,16,1000,12.9,3.24,31852.2
930,HP,2.77,4,1000,12.71,2.22,31378.49
931,Dell,3.99,16,1000,11.55,3.73,32360.21
932,HP,3.53,8,256,12.89,4.56,9429.52
933,Lenovo,3.04,32,256,11.26,4.18,10615.15
934,Acer,2.27,4,256,15.69,3.08,9100.84
935,Dell,3.06,8,1000,13.39,2.26,31682.62
936,Dell,2.82,32,512,13.66,2.61,18076.18
937,Dell,2.57,4,512,16.36,3.64,16966.75
938,Dell,1.83,16,512,14.95,2.62,17306.62
939,Dell,3.72,8,512,11.05,3.63,17545.43
940,HP,2.62,32,256,16.66,2.69,10404.66
941,Acer,1.99,4,256,12.42,4.55,9105.36
942,Lenovo,2.42,4,1000,11.65,3.19,31368.35
943,Lenovo,2.54,16,1000,15.61,2.74,32511.83
944,Lenovo,3.57,32,512,14.0,4.44,18519.25
945,Lenovo,3.33,16,256,13.6,3.03,9953.51
946,HP,3.42,16,512,12.5,2.33,17555.23
947,Asus,1.53,32,1000,14.28,3.71,32513.48
948,Acer,2.54,32,1000,12.65,3.74,32885.83
949,Dell,2.7,32,512,16.41,4.14,18010.96
950,Asus,1.55,8,1000,12.29,2.72,31160.96
951,Lenovo,2.15,32,512,16.31,3.33,18385.2
952,Asus,3.4,4,256,14.36,2.85,8966.38
953,Acer,1.84,16,512,15.97,2.24,17261.63
954,Dell,2.84,8,256,15.28,4.63,9197.07
955,Dell,2.04,32,256,15.18,4.19,10368.84
956,Acer,1.53,8,1000,12.95,2.9,31472.85
957,Acer,2.1,32,1000,12.4,3.8,32927.6
958,Lenovo,3.94,8,1000,12.27,2.6,32150.73
959,Dell,3.5,16,512,16.14,4.67,17453.13
960,Asus,3.9,16,512,15.92,2.34,17641.6
961,HP,2.72,4,1000,13.64,2.01,32307.19
962,HP,1.77,4,512,11.79,3.51,16565.69
963,Acer,2.87,32,1000,13.29,3.75,32725.91
964,Lenovo,2.64,16,512,14.72,3.74,17300.98
965,HP,3.61,8,256,13.73,2.16,9506.24
966,Dell,1.75,8,256,15.68,2.94,9134.7
967,Acer,2.72,8,1000,16.99,3.5,31701.99
968,Asus,1.88,4,512,12.15,2.65,16647.18
969,Acer,2.31,8,512,13.76,4.62,16945.64
970,Asus,3.34,4,256,13.59,2.26,9106.69
971,Acer,2.69,4,256,12.83,3.46,9213.79
972,Acer,2.44,32,1000,12.19,4.07,32815.18
973,Acer,2.49,8,256,11.39,2.79,9376.58
974,Asus,2.65,8,1000,16.32,3.87,31374.56
975,Asus,3.46,16,256,13.52,4.49,9929.38
976,Acer,3.73,32,256,13.98,2.57,10382.84
977,HP,3.89,16,512,16.5,4.75,17685.07
978,Lenovo,3.47,32,256,15.66,3.66,10881.59
979,Lenovo,2.29,8,256,11.78,2.9,9453.54
980,Lenovo,3.22,4,1000,14.39,3.29,31665.88
981,Asus,2.59,4,256,13.65,2.94,9277.58
982,Asus,2.14,4,1000,15.78,4.18,31341.45
983,HP,3.6,4,256,15.35,4.39,9261.62
984,Lenovo,1.6,4,256,15.14,4.5,9495.63
985,Lenovo,3.75,16,1000,13.04,4.96,32427.61
986,Acer,2.65,32,512,15.83,4.37,18029.0
987,Asus,3.09,8,1000,11.31,3.8,31359.91
988,Lenovo,3.15,16,1000,11.96,3.02,32045.64
989,HP,3.74,32,1000,13.01,3.63,33309.87
990,HP,3.09,4,512,11.46,2.12,16896.07
991,Lenovo,3.03,32,256,12.41,4.23,10148.02
992,Asus,1.67,32,1000,15.98,3.34,32684.11
993,HP,2.8,4,1000,16.69,2.06,31571.91
994,Acer,1.88,4,512,12.83,2.19,16186.63
995,HP,3.34,4,1000,12.59,3.16,31593.67
996,Dell,2.78,8,256,12.68,3.75,9149.52
997,Dell,3.2,4,512,12.67,3.39,16552.4
998,Asus,1.6,8,256,11.22,3.86,9407.47
999,Lenovo,1.71,4,256,16.56,3.44,8807.7
